{"cameraMode":{"drawMode":0,"name":"Shaded","section":"Shading Mode"},"sceneLighting":true,"audioPlay":false,"sceneViewState":{"showFog":true,"showMaterialUpdate":false,"showSkybox":true,"showFlares":true,"showImageEffects":true,"showParticleSystems":true},"in2DMode":false,"pivot":{"x":-13.616111755371094,"y":342.3443603515625,"z":-270.90716552734377},"rotation":{"x":-0.06122533231973648,"y":0.18956860899925233,"z":0.011842434294521809,"w":0.979890763759613},"size":340.707275390625,"orthographic":false}