{"cameraMode":{"drawMode":0,"name":"Shaded","section":"Shading Mode"},"sceneLighting":true,"audioPlay":false,"sceneViewState":{"showFog":true,"showMaterialUpdate":false,"showSkybox":true,"showFlares":true,"showImageEffects":true,"showParticleSystems":true},"in2DMode":false,"pivot":{"x":-62.85395812988281,"y":55.71263122558594,"z":-359.77679443359377},"rotation":{"x":0.3837864398956299,"y":0.15103673934936524,"z":-0.0637916699051857,"w":0.9087561368942261},"size":340.707275390625,"orthographic":false}