{"cameraMode":{"drawMode":0,"name":"Shaded","section":"Shading Mode"},"sceneLighting":true,"audioPlay":false,"sceneViewState":{"showFog":true,"showMaterialUpdate":false,"showSkybox":true,"showFlares":true,"showImageEffects":true,"showParticleSystems":true},"in2DMode":false,"pivot":{"x":86.11524963378906,"y":127.92845153808594,"z":-773.006103515625},"rotation":{"x":0.1108446791768074,"y":0.8742117881774902,"z":-0.23687222599983216,"w":0.4091077148914337},"size":340.707275390625,"orthographic":false}