{"cameraMode":{"drawMode":0,"name":"Shaded","section":"Shading Mode"},"sceneLighting":true,"audioPlay":false,"sceneViewState":{"showFog":true,"showMaterialUpdate":false,"showSkybox":true,"showFlares":true,"showImageEffects":true,"showParticleSystems":true},"in2DMode":false,"pivot":{"x":110.76496887207031,"y":23.11068344116211,"z":-133.41993713378907},"rotation":{"x":-0.28744760155677798,"y":0.373738169670105,"z":0.12302403151988983,"w":0.8732465505599976},"size":10.0,"orthographic":false}