{"cameraMode":{"drawMode":0,"name":"Shaded","section":"Shading Mode"},"sceneLighting":true,"audioPlay":false,"sceneViewState":{"showFog":true,"showMaterialUpdate":false,"showSkybox":true,"showFlares":true,"showImageEffects":true,"showParticleSystems":true},"in2DMode":false,"pivot":{"x":117.22341918945313,"y":18.244552612304689,"z":-141.5366668701172},"rotation":{"x":-0.2551506459712982,"y":0.40310558676719668,"z":0.1181001141667366,"w":0.8708940744400024},"size":10.0,"orthographic":false}