{"cameraMode":{"drawMode":0,"name":"Shaded","section":"Shading Mode"},"sceneLighting":true,"audioPlay":false,"sceneViewState":{"showFog":true,"showMaterialUpdate":false,"showSkybox":true,"showFlares":true,"showImageEffects":true,"showParticleSystems":true},"in2DMode":false,"pivot":{"x":167.71942138671876,"y":576.0720825195313,"z":-260.70892333984377},"rotation":{"x":-0.08918026089668274,"y":0.04749031737446785,"z":0.004253410268574953,"w":0.9948782920837402},"size":800.5907592773438,"orthographic":false}