{"cameraMode":{"drawMode":0,"name":"Shaded","section":"Shading Mode"},"sceneLighting":true,"audioPlay":false,"sceneViewState":{"showFog":true,"showMaterialUpdate":false,"showSkybox":true,"showFlares":true,"showImageEffects":true,"showParticleSystems":true},"in2DMode":false,"pivot":{"x":176.08297729492188,"y":415.914794921875,"z":-248.91827392578126},"rotation":{"x":0.011084269732236863,"y":0.05217158794403076,"z":-0.0005827811546623707,"w":0.9985811710357666},"size":800.5907592773438,"orthographic":false}